Specimen,Stress,Strain
1,230.132777883261,0
1,240.912604969348,0.000273185185185
1,240.399638305752,0.000425907407407
1,244.989162331913,0.000536462962963
1,245.77433211578,0.000596611111111
1,263.709636971017,0.000833962962963
1,266.251084236786,0.000952111111111
1,287.295576013129,0.00117087037037
1,309.197207961033,0.001363296296296
1,306.694486794588,0.001480759259259
1,320.009286744207,0.001588037037037
1,340.036861230851,0.0018385
1,338.449625052402,0.001891796296296
1,353.967270806349,0.002032814814815
1,371.148507071273,0.002251666666667
1,380.499626838315,0.002371555555556
1,398.433502963675,0.002536111111111
1,412.411556920786,0.002731111111111
1,414.907736008317,0.002859796296296
1,431.492124126548,0.003043666666667
1,451.075138032225,0.003148092592593
1,454.089795672828,0.003333666666667
1,473.946636939059,0.003440481481481
1,489.497150999829,0.003652333333333
1,505.174716744902,0.00379237037037
1,516.46948063789,0.003922907407407
1,534.074342831254,0.004025425925926
1,552.924704055525,0.00425987037037
1,568.523328715027,0.004377037037037
1,587.354417125208,0.004553444444444
1,597.950126047814,0.004722777777778
1,612.621933635497,0.004867055555556
1,624.932607187639,0.004997166666667
1,643.790375248383,0.005120277777778
1,653.875771937113,0.00526412962963
1,669.944546481659,0.005430925925926
1,690.364908890272,0.005586462962963
1,703.327534444609,0.005702777777778
1,711.364192645425,0.005871018518519
1,744.124081430083,0.0060795
1,741.38723655443,0.006142203703704
1,768.272421189568,0.006295351851852
1,779.469302046656,0.006396185185185
1,815.719487687544,0.006687555555556
1,809.027241742975,0.00677137037037
1,843.908553768181,0.006933759259259
1,858.033503715638,0.007106759259259
1,874.254776375576,0.007249
1,884.163845238476,0.007303759259259
1,904.990816650719,0.007569685185185
1,921.802981909648,0.007663037037037
1,946.079659210326,0.007843574074074
1,955.972636063022,0.007946296296296
1,973.402539003386,0.00815662962963
1,982.035300907432,0.008300907407407
1,1019.92281098844,0.008492537037037
1,1017.06339612852,0.008513314814815
1,1045.63626417215,0.008714888888889
1,1058.86479891567,0.008861740740741
1,1094.2681989168,0.009104037037037
1,1089.30546808763,0.009155148148148
1,1115.06343748649,0.009325481481481
1,1128.18947966034,0.00942112962963
1,1158.81475577179,0.009630185185185
1,1169.63497831526,0.009750351851852
1,1186.53925905317,0.009916055555556
1,1203.61130275726,0.010055333333333
1,1232.93102054551,0.010255
1,1244.7036043471,0.010393962962963
1,1258.27383112037,0.010547833333333
1,1277.02500841259,0.010687037037037
1,1307.51703666384,0.010876444444445
1,1309.31039344589,0.010954703703704
1,1348.51180864043,0.011209018518519
1,1343.79933112883,0.011243092592593
1,1371.27034765134,0.011497592592593
1,1379.92995463783,0.011548814814815
1,1425.00284806022,0.011862148148148
1,1420.54934663807,0.011918925925926
1,1443.79177389974,0.01206487037037
1,1451.66016531909,0.012154648148148
1,1493.68422437827,0.012424981481482
1,1504.49895759116,0.012534148148148
1,1525.02672288844,0.01267612962963
1,1536.59966048866,0.012786518518519
1,1554.31207596331,0.012965981481482
1,1580.53611208762,0.013156240740741
1,1593.22579007822,0.01326087037037
1,1619.63548589035,0.01344462962963
1,1633.3291850036,0.013603888888889
1,1648.56305492526,0.013697111111111
1,1671.90241022971,0.013896055555556
1,1687.18342823734,0.014044425925926
1,1705.7196944774,0.014179833333333
1,1729.69205231407,0.014355611111111
1,1748.30614673432,0.014514462962963
1,1750.34291396978,0.014593555555556
1,1781.72722162796,0.014793351851852
1,1796.12054720354,0.014936277777778
1,1808.53628503913,0.015038796296296
1,1822.60130352802,0.015180740740741
1,1847.58903713006,0.015338648148148
1,1880.76910785219,0.015579
1,1898.45836286355,0.015754777777778
1,1912.91974109911,0.015869111111111
1,1918.15994630984,0.015969814814815
1,1948.90027277461,0.016141722222222
1,1951.63290665694,0.016232814814815
1,1985.55087876287,0.016465444444445
1,2010.66576932404,0.016650037037037
1,2010.49153947524,0.016748962962963
1,2027.31363064701,0.016873
1,2044.23144672059,0.017007111111111
1,2075.60815955153,0.017216259259259
1,2096.56732607564,0.017385333333333
1,2102.03078912887,0.017480537037037
1,2128.67720292288,0.017652851851852
1,2131.52210489509,0.01775062962963
1,2169.00460765386,0.017986537037037
1,2166.04149708332,0.01806687037037
1,2195.8134454761,0.01822087037037
1,2227.91783299276,0.018486092592593
1,2215.63188398713,0.018528777777778
1,2246.49666034391,0.018701703703704
1,2269.38897358918,0.018857833333333
1,2298.02816477767,0.019065685185185
1,2291.1070212674,0.019130703703704
1,2316.19363801625,0.019291037037037
1,2336.73102844112,0.019459444444445
1,2354.15739715495,0.019614907407407
1,2364.35386631224,0.019751907407407
1,2387.97483179526,0.019893574074074
1,2408.91798150547,0.020076314814815
1,2430.67295057159,0.020243444444445
1,2452.07344423536,0.020421746296296
1,2456.92165108536,0.020499738888889
1,2480.56600262059,0.020710137037037
1,2496.21044439139,0.020853644444445
1,2505.04706349012,0.020953407407407
1,2549.13699075649,0.021232442592593
1,2526.60840205963,0.021314572222222
1,2583.46824177869,0.02153045
1,2571.66791053895,0.021655988888889
1,2613.54676552475,0.021813981481482
1,2622.87907869482,0.021962635185185
1,2633.39731285988,0.022073457407407
1,2651.25305250018,0.02219335
1,2682.66849143044,0.022423824074074
1,2682.43899229426,0.022552527777778
1,2722.63856329931,0.022750124074074
1,2715.19285033491,0.02287982037037
1,2757.60093694601,0.023065292592593
1,2768.6508842146,0.023220090740741
1,2791.24421693383,0.023407235185185
1,2781.09925724845,0.023510653703704
1,2822.64845161399,0.023691961111111
1,2838.54638014366,0.023832911111111
1,2860.07816656358,0.024017503703704
1,2850.03788014084,0.024087596296296
1,2908.2096698694,0.0243802
1,2890.96647936519,0.024468518518519
1,2951.81683682965,0.024746190740741
1,2928.46823237915,0.024802101851852
1,2959.35135663542,0.024925385185185
1,2982.41835090734,0.025107042592593
1,2991.44401352782,0.025249290740741
1,3016.30804920095,0.025429231481482
1,3016.78810243993,0.02557362962963
1,3034.44923403159,0.025679872222222
1,3061.03413724454,0.025849048148148
1,3062.29720965295,0.025976074074074
1,3093.31959747416,0.026153448148148
1,3089.1430440594,0.026279711111111
1,3145.816096146,0.026528088888889
1,3125.79154455099,0.026680907407407
1,3150.74483824334,0.02672777962963
1,3160.10241737336,0.026901725925926
1,3196.43223590586,0.027068437037037
1,3200.22258107572,0.027270537037037
1,3223.23904342775,0.027422898148148
1,3247.84884037891,0.027615205555556
1,3270.02723986307,0.027785253703704
1,3269.56388020476,0.027916098148148
1,3269.32641025978,0.028021831481482
1,3287.77732868871,0.028141748148148
1,3323.17313386259,0.028346398148148
1,3315.90616252554,0.028538081481482
1,3353.81803621078,0.028656553703704
1,3371.07754431412,0.02890285
1,3377.06948702958,0.028980381481482
1,3390.14785474329,0.029134838888889
1,3428.02784519336,0.029319983333333
1,3427.6973574137,0.029509227777778
1,3447.71108074016,0.029588937037037
1,3439.57829909708,0.029799862962963
1,3476.93620157123,0.029914609259259
1,3494.17864011234,0.030103761111111
1,3518.23702252693,0.03029865
1,3503.30468980582,0.030499555555556
1,3557.0837367302,0.030589109259259
1,3522.30085667395,0.0307637
1,3594.08438153855,0.03092585
1,3580.90156615113,0.03118225
1,3605.16598645338,0.031233394444444
1,3630.8127405107,0.031426405555556
1,3659.58736025236,0.031645285185185
1,3643.52257111221,0.031765675925926
1,3674.21108731983,0.031912427777778
1,3679.20682932882,0.03206237962963
1,3723.8259882205,0.032255194444445
1,3722.76098289096,0.032377196296296
1,3723.21441663643,0.032541166666667
1,3760.26687170194,0.032693677777778
1,3754.51901620668,0.032880262962963
1,3797.06065146323,0.033076125925926
1,3777.89927830342,0.033182077777778
1,3826.54550034684,0.033368205555556
1,3848.22324280324,0.033584696296296
1,3849.29877561609,0.033723737037037
1,3867.11616513861,0.033868981481482
1,3884.23264986154,0.034039648148148
1,3898.87449923958,0.034222027777778
1,3918.94304067556,0.034364385185185
1,3946.21779483063,0.034563205555556
1,3954.6709127516,0.034771127777778
1,3969.49721867651,0.034872692592593
1,3964.89385100979,0.034970603703704
1,4018.54829764955,0.035172988888889
1,3991.95655157245,0.035399881481482
1,4031.73524883399,0.035488368518519
1,4029.04848470037,0.035682864814815
1,4059.51660052525,0.035822524074074
1,4071.76540255404,0.035988903703704
1,4080.29153609141,0.036138409259259
1,4116.24980965934,0.036357251851852
1,4130.22429179176,0.036528057407407
1,4125.13440400345,0.036663955555556
1,4145.30483643863,0.036798057407407
1,4177.60751662308,0.036999231481482
1,4189.15819611574,0.037225348148148
1,4211.13973166197,0.037366825925926
1,4212.3821250853,0.037510712962963
1,4238.60217580521,0.037691787037037
1,4250.37588755144,0.037795203703704
1,4259.8052791569,0.038004466666667
1,4278.51209062659,0.038107585185185
1,4286.0436777763,0.038329031481482
1,4309.1868459096,0.03847557962963
1,4327.97171114842,0.038743907407407
1,4341.35086409959,0.038790225925926
1,4363.27367132821,0.03897262037037
1,4377.80528291671,0.039181881481482
1,4392.40810541019,0.039360457407408
1,4404.25250168722,0.039489862962963
1,4413.93432730322,0.039609766666667
1,4427.26580579425,0.039743494444445
1,4446.56651771531,0.039930692592593
1,4471.27015966056,0.040145
1,4489.32336480925,0.040333835185185
1,4500.07410596288,0.040454985185185
1,4527.39976801939,0.040717214814815
1,4546.32367123422,0.040919055555556
1,4554.14025239641,0.041051218518519
1,4564.89377581348,0.041140062962963
1,4565.49181206186,0.041387883333333
1,4576.31459127986,0.041445064814815
1,4615.75821378687,0.041702533333333
1,4615.51081792906,0.041787674074074
1,4640.84964309952,0.042024035185185
1,4644.31709531696,0.042111218518519
1,4672.93154691968,0.042372807407407
1,4677.36790358329,0.042501407407407
1,4701.43854299631,0.042692677777778
1,4704.39105088722,0.0427773
1,4726.78428622723,0.042953788888889
1,4739.5411145221,0.043148416666667
1,4762.89310280651,0.043329983333333
1,4770.86894975195,0.043511312962963
1,4790.22425419361,0.043663092592593
1,4802.26243135987,0.04380537962963
1,4810.63155500328,0.04401572962963
1,4835.82998866416,0.044198638888889
1,4852.18368202489,0.044415661111111
1,4845.20193028926,0.044462553703704
1,4879.77787010214,0.044742114814815
1,4871.90850113076,0.044791362962963
1,4906.09657837993,0.045067098148148
1,4915.89631180902,0.045197851851852
1,4931.78649511882,0.045429266666667
1,4933.13032836348,0.045471777777778
1,4962.97980415121,0.045734314814815
1,4967.67912230868,0.045875187037037
1,4980.51219966124,0.045979946296296
1,4994.94380015829,0.046199325925926
1,5021.39695943723,0.046423688888889
1,5010.82571187406,0.046449072222222
1,5033.72922936942,0.046687394444444
1,5040.99597511754,0.046759935185185
1,5076.40539082342,0.047083601851852
1,5077.53581694211,0.047191342592593
1,5101.06857715423,0.047390733333333
1,5106.65325665816,0.04751852037037
1,5139.12430137929,0.047782790740741
1,5139.82520617888,0.047885981481482
1,5172.11179435313,0.048117007407407
1,5162.11098599281,0.048191238888889
1,5195.1374306549,0.048437907407407
1,5191.0159209386,0.048537124074074
1,5216.59845734771,0.048713124074074
1,5235.34384452411,0.048950644444445
1,5249.4739078206,0.049047655555556
1,5253.27869068186,0.049180661111111
1,5274.43223966568,0.04939652037037
1,5307.82541672855,0.04965587037037
1,5294.66516023394,0.049703277777778
1,5299.50720098658,0.049794438888889
1,5334.2794783632,0.050085396296296
1,5355.52988019348,0.050265851851852
1,5366.93648355739,0.050437837037037
1,5369.22072184697,0.05051277037037
1,5390.75935113105,0.050707948148148
1,5410.15044901596,0.050874248148148
1,5431.69186056348,0.051064968518519
1,5441.76606052175,0.051263775925926
1,5465.27227643667,0.051451446296296
1,5463.82700337067,0.05153405
1,5493.41487119812,0.051731877777778
1,5491.53909926101,0.05185357037037
1,5519.55686814891,0.052101605555556
1,5520.86588550234,0.052198918518519
1,5549.42341349887,0.052440277777778
1,5542.46324310403,0.052518935185185
1,5572.83916825362,0.052699348148148
1,5592.99764447561,0.052944859259259
1,5598.15453217556,0.053056881481482
1,5612.36543150462,0.053237792592593
1,5637.38527393075,0.053426277777778
1,5633.66350779504,0.053502562962963
1,5677.19653119425,0.05379177037037
1,5650.89248619678,0.05384507037037
1,5698.23487943212,0.054056416666667
1,5689.81890848797,0.054152985185185
1,5724.77940222694,0.054420835185185
1,5719.1296027191,0.054516407407407
1,5741.33507287462,0.05470855
1,5759.83810234594,0.054908501851852
1,5779.92822512271,0.055070551851852
1,5791.76074038286,0.055248785185185
1,5800.61736169989,0.055396127777778
1,5808.47567681378,0.055526472222222
1,5835.3437693278,0.055767361111111
1,5841.82569119508,0.055903016666667
1,5858.94037120658,0.056050511111111
1,5874.96733660312,0.056258381481482
1,5887.97885479781,0.056474131481482
1,5887.37442686313,0.056556088888889
1,5913.82164563363,0.056761861111111
1,5910.47029651785,0.056867162962963
1,5938.55145589454,0.057052435185185
1,5933.70159472573,0.057175409259259
1,5968.75390315843,0.057450944444445
1,5981.56254171045,0.057624487037037
1,5994.24094025465,0.057801798148148
1,5989.37964924682,0.057884774074074
1,6005.2559964357,0.058064912962963
1,6022.75485439175,0.058236662962963
1,6049.04739435389,0.058440548148148
1,6060.98134943537,0.058633612962963
1,6076.52638168519,0.058809474074074
1,6056.56657411254,0.058865409259259
1,6088.40386433834,0.059072066666667
1,6094.68426009652,0.059210631481482
1,6133.98245294121,0.059480288888889
1,6133.8121333005,0.059620262962963
1,6164.54012757054,0.05984337962963
1,6135.80220362785,0.059953994444445
1,6155.15066520535,0.06008822962963
1,6187.26332431604,0.060301687037037
1,6199.21104032214,0.060474237037037
1,6190.94598837089,0.060583733333333
1,6223.58276575786,0.060818964814815
1,6238.58668536548,0.061006416666667
1,6246.33904887948,0.061157759259259
1,6235.86412778861,0.061266964814815
1,6243.53618164421,0.061378862962963
1,6258.34045505047,0.061572687037037
1,6286.31137663763,0.061794603703704
1,6298.18615222365,0.061953977777778
1,6311.59696282106,0.062138366666667
1,6322.29634489539,0.062332827777778
1,6341.44786733867,0.062501001851852
1,6326.29017127839,0.062634601851852
1,6372.16894354825,0.062870951851852
1,6343.01112341406,0.062982587037037
1,6389.98858896005,0.06319042962963
1,6392.72355392797,0.063343592592593
1,6397.81065945283,0.063522794444445
1,6425.35251089877,0.063715474074074
1,6426.32322005636,0.063860361111111
1,6415.61338569503,0.06401612037037
1,6448.99686243399,0.064177312962963
1,6443.5393398892,0.064357233333333
1,6471.12525637242,0.064534196296296
1,6479.38196153333,0.06469857962963
1,6486.16316471188,0.064870935185185
1,6485.34984142978,0.065045277777778
1,6504.11771230268,0.065194457407407
1,6507.58381098656,0.0653684
1,6539.07963477153,0.065597627777778
1,6525.83809106649,0.065787038888889
1,6578.51265459891,0.065986398148148
1,6549.44431807287,0.066136857407407
1,6559.17983385375,0.066212992592593
1,6567.01889871245,0.066414709259259
1,6594.4565280736,0.066614688888889
1,6614.14510255837,0.066876064814815
1,6599.72132247749,0.066976911111111
1,6606.13850032241,0.067085896296296
1,6634.27334986399,0.06729737037037
1,6636.91785367174,0.067509131481482
1,6650.17954998769,0.067642909259259
1,6654.39377675344,0.067829961111111
1,6687.92140481745,0.06803615
1,6673.9450427773,0.068203677777778
1,6731.78709668929,0.068466959259259
1,6678.83438200853,0.068585974074074
1,6712.75994894171,0.06868177037037
1,6730.00133473449,0.068899507407407
1,6738.30067620281,0.069086225925926
1,6718.80633378514,0.069246164814815
1,6744.47970733596,0.069396942592593
1,6753.53687721007,0.069594381481482
1,6762.75601993454,0.069778122222222
1,6772.26391648698,0.069943787037037
1,6797.65500309245,0.070159551851852
1,6797.57559578976,0.07036802962963
1,6801.07523202761,0.070486631481482
1,6806.30235308051,0.070640801851852
1,6816.63582991347,0.070800274074074
1,6835.26601634392,0.07107055
1,6838.54901201449,0.07116472962963
1,6842.02473582597,0.071395409259259
1,6853.86868092514,0.071523048148148
1,6868.243357816,0.071767787037037
1,6873.00050193536,0.07192887037037
1,6888.9182070944,0.072123853703704
1,6899.24258517392,0.072279998148148
1,6900.60845093723,0.072448824074074
1,6911.04660103282,0.072647312962963
1,6910.42284764664,0.072788446296296
1,6930.61493661891,0.072971564814815
1,6934.97369069126,0.073197
1,6949.54342680861,0.07332187962963
1,6947.36882473808,0.073554105555556
1,6959.78426178843,0.073669988888889
1,6981.42199980825,0.073919996296296
1,6970.5353789236,0.074050601851852
1,6992.45081691391,0.074293794444445
1,6995.0081681991,0.074393357407407
1,7002.19460428882,0.074614666666667
1,7010.18142989542,0.074750433333333
1,7016.22826591671,0.074958744444445
1,7030.54466566781,0.075139103703704
1,7023.88648365138,0.075319477777778
1,7046.07225237385,0.075430037037037
1,7055.72971438562,0.075704674074074
1,7054.4207722285,0.07583182962963
1,7070.40780838477,0.076049442592593
1,7080.39756288761,0.076268212962963
1,7057.2471007123,0.076394016666667
1,7095.8219050609,0.076586490740741
1,7083.69063486364,0.076752664814815
1,7097.64120456968,0.07688512037037
1,7099.8952139429,0.077066888888889
1,7108.93719416251,0.077245316666667
1,7125.35698507917,0.07748182962963
1,7133.81656988275,0.077658627777778
1,7133.97952028515,0.077827494444444
1,7137.53690728859,0.077941585185185
1,7139.93589514627,0.078137798148148
1,7158.03414288427,0.078286133333333
1,7167.51910456235,0.07855927962963
1,7169.67806580053,0.078687996296296
1,7170.84563889604,0.07888682962963
1,7164.04887008146,0.078961914814815
1,7185.20565250658,0.079244457407407
1,7204.13324034056,0.079380292592593
1,7205.37194914474,0.079598194444444
1,7222.15523902087,0.079796118518519
1,7220.75681325561,0.079967372222222
1,7232.09040100312,0.08014155
1,7233.6302710263,0.080322446296296
1,7248.25550201996,0.080544611111111
1,7244.13361632211,0.080742342592593
1,7253.69926364014,0.080859687037037
1,7262.3176630491,0.08106312962963
1,7267.68795787503,0.081236398148148
1,7278.27665098197,0.081452437037037
1,7285.88629190079,0.081618572222222
1,7288.13195448367,0.081820661111111
1,7289.50564066316,0.081951337037037
1,7293.22364698341,0.08211037962963
1,7301.83422597619,0.082283066666667
1,7310.29982648452,0.082511122222222
1,7318.35598308835,0.082693303703704
1,7327.02393686518,0.082864709259259
1,7326.87617611728,0.083039975925926
1,7339.65503693079,0.083266942592593
1,7337.65669500941,0.083396512962963
1,7353.73825292655,0.083673248148148
1,7347.41837910595,0.083770862962963
1,7371.99854871123,0.084046825925926
1,7354.19672482475,0.084143462962963
1,7372.47950430593,0.084364111111111
1,7383.56569619563,0.084594290740741
1,7395.65109664418,0.084775548148148
1,7385.62509752021,0.084894288888889
1,7396.6782782301,0.08510197962963
1,7407.3500632589,0.085325414814815
1,7405.08966219938,0.085499661111111
1,7399.45452597187,0.085628074074074
1,7420.25465230166,0.085850666666667
1,7422.13598876567,0.086039538888889
1,7422.1538854873,0.086222366666667
1,7430.68370364383,0.086415642592593
1,7446.51049646483,0.086620338888889
1,7421.45395823973,0.086695203703704
1,7453.58451407205,0.086995475925926
1,7445.01198441181,0.087129075925926
1,7441.65702587317,0.08727972962963
1,7452.57703391918,0.087502403703704
1,7459.38117197208,0.087670566666667
1,7454.78562472154,0.087813577777778
1,7472.50337913415,0.088105709259259
1,7473.96970716677,0.088242661111111
1,7476.86258438436,0.088418303703704
1,7481.73718513895,0.088560801851852
1,7498.04094815027,0.088854257407408
1,7500.38805055448,0.089018861111111
1,7502.24133879509,0.089229848148148
1,7491.03941978528,0.089311088888889
1,7518.28386982767,0.089615211111111
1,7495.99260068316,0.089705611111111
1,7516.65827601181,0.089913537037037
1,7525.28344308861,0.090128322222222
1,7525.60377936651,0.090304264814815
1,7512.0870171692,0.090415224074074
1,7534.86646075411,0.090682644444445
1,7524.7051834696,0.090815803703704
1,7544.0825204299,0.091068474074074
1,7535.01534944665,0.091189462962963
1,7554.27462820125,0.091454675925926
1,7554.32651365471,0.091597783333333
1,7562.33116078663,0.0918358
1,7549.13195260377,0.091972561111111
1,7559.72109688856,0.092143481481482
1,7562.63570583956,0.092367744444444
1,7577.56969287947,0.092608440740741
1,7571.74273086677,0.092769524074074
1,7570.56290077283,0.092910603703704
1,7581.27160718952,0.093120901851852
1,7582.45519709893,0.093307457407407
1,7563.10117099453,0.09340847962963
1,7589.01081134938,0.093693892592593
1,7582.48301973339,0.093846022222222
1,7592.73603651533,0.094026561111111
1,7579.52930870153,0.094165375925926
1,7606.8458720046,0.094460474074074
1,7600.51133490368,0.094599675925926
1,7611.18921083353,0.094816542592593
1,7612.24421505393,0.095052064814815
1,7594.68437289098,0.095131633333333
1,7626.78642932205,0.095424677777778
1,7614.39858931724,0.09556907962963
1,7611.91335129272,0.095727805555556
1,7621.4023735715,0.095942187037037
1,7606.99100088168,0.096049214814815
1,7635.63703493433,0.096375909259259
1,7622.14305721875,0.096488798148148
1,7598.01782528514,0.096570768518519
1,7615.06783647059,0.096790533333333
1,7648.04893775814,0.097101609259259
1,7623.15971132137,0.097213409259259
1,7640.54058626803,0.097410533333333
1,7635.62500352483,0.097614333333333
1,7640.06609755593,0.097799811111111
1,7625.34115625605,0.097918825925926
1,7655.57082458393,0.098218644444444
1,7625.15166155645,0.098301774074074
1,7650.0190810635,0.098570037037037
1,7650.21534343095,0.098738875925926
1,7638.21175656699,0.098878296296296
1,7651.18763171104,0.09908337962963
1,7662.34751598392,0.09935272037037
1,7661.95123143356,0.099538998148148
1,7655.60315899696,0.099669272222222
1,7649.30246023525,0.099827046296296
1,7648.56779229275,0.100014716666667
1,7655.35350724986,0.100218227777778
1,7661.14437503407,0.10041055
1,7672.82612169395,0.100639090740741
1,7658.81404140685,0.100781492592593
1,7647.96095807618,0.100908151851852
1,7671.53575302524,0.101154931481481
1,7670.95222966457,0.101370983333333
1,7687.56911010808,0.101594612962963
1,7654.80006241294,0.1017048
1,7683.52279670114,0.101965527777778
1,7666.88410932791,0.102119394444444
1,7673.29233881201,0.102300624074074
1,7677.0957681397,0.102484888888889
1,7685.78545364993,0.102715703703704
1,7660.29164888587,0.102855224074074
1,7685.3989446198,0.103076133333333
1,7683.01672553911,0.103253001851852
1,7688.45191478002,0.103472185185185
1,7652.70208538165,0.103587035185185
1,7690.82210245121,0.103870474074074
1,7666.27351529587,0.103984731481481
1,7692.16661246266,0.104262953703704
1,7667.62930475372,0.104357866666667
1,7697.12580906529,0.104648618518519
1,7678.99823476664,0.104804075925926
1,7678.52825783311,0.104981907407407
1,7661.39703463354,0.105110598148148
1,7685.54181760759,0.10536782037037
1,7661.77301618037,0.105483483333333
1,7691.04017174837,0.105754659259259
1,7660.81050342049,0.105871783333333
1,7673.84202383347,0.106083338888889
1,7679.90435029449,0.10631192037037
1,7694.14352343587,0.106530361111111
1,7658.49144923967,0.106670431481481
1,7672.01926529446,0.106845174074074
1,7680.77737944622,0.10706057962963
1,7688.58125243213,0.107310394444444
1,7654.19398015945,0.107467905555556
1,7653.76761708535,0.107580077777778
1,7666.94276244922,0.107783011111111
1,7669.78443098013,0.108023014814815
1,7662.68289152368,0.108211874074074
1,7660.25856250975,0.108374101851852
1,7658.16434529393,0.108585216666667
1,7670.25140006129,0.108816074074074
1,7640.79023801512,0.108961457407407
1,7662.7761349473,0.109190438888889
1,7649.45886855873,0.109362353703704
1,7648.22038534349,0.109557903703704
1,7627.50831389196,0.109718324074074
1,7639.93300008836,0.109896946296296
1,7629.05735786488,0.110121111111111
1,7630.65151962342,0.110315959259259
1,7606.6924715335,0.110500375925926
1,7633.18939506449,0.110735425925926
1,7599.4909209856,0.110920062962963
1,7612.37430466913,0.111091288888889
1,7606.36536758776,0.111346662962963
1,7595.78524686008,0.111523518518519
1,7588.61828661449,0.111714859259259
1,7580.4572311591,0.111929242592593
1,7577.64112937337,0.112102827777778
1,7548.73341216413,0.112317805555556
1,7571.74348282986,0.11253752962963
1,7528.09352916959,0.112749001851852
1,7535.91319338047,0.112932811111111
1,7464.13696255788,0.113192931481481
1,6770.57214991888,0.115333925925926
1,6497.76979025869,0.115668896296296
1,6370.4992094988,0.115869661111111
1,6314.3328301447,0.1161447
1,6248.36122803093,0.116409651851852
1,6222.44271451157,0.116667068518518
1,6179.53028625355,0.116970264814815
1,6147.48417587665,0.117188001851852
1,6102.69319341807,0.117411353703704
1,6077.09915197362,0.117642418518518
1,6041.33360654659,0.117825412962963
1,6050.01487007018,0.118118303703704
1,6021.49456424679,0.118373251851852
1,5985.37379145432,0.118584435185185
1,5953.77291842516,0.118721966666667
1,5962.49087774772,0.118996657407407
1,5923.89404088047,0.119206805555556
1,5926.41326763683,0.119410812962963
1,5888.00915891048,0.119592883333333
1,5895.17814945642,0.119790544444444
1,5873.54041143661,0.120059194444444
1,5875.60846033677,0.120248190740741
1,5841.01236791298,0.120397009259259
1,5847.02935099945,0.120635205555556
1,5828.79853216804,0.120831072222222
1,5818.88495152658,0.121003540740741
1,5815.73046634871,0.121206637037037
1,5812.13728590201,0.121467435185185
1,5796.12686369353,0.121636853703704
2,209.592185519015,0
2,228.7156707236,0.000128296296296
2,236.727835904888,0.000324574074074
2,262.263959714073,0.000528425925926
2,255.232492420171,0.000659
2,279.639187015317,0.000839055555556
2,288.013753246826,0.001020018518519
2,303.233106671935,0.001170092592593
2,300.555680611555,0.001268037037037
2,326.196886417732,0.001465407407407
2,330.13060715416,0.001601944444444
2,351.710567564885,0.001734537037037
2,353.120425182075,0.001907833333333
2,376.551156122948,0.002044648148148
2,374.226939808945,0.002208611111111
2,396.580093373759,0.002382555555556
2,406.410780867556,0.002502611111111
2,412.817336881511,0.002604944444444
2,430.698258184249,0.002841148148148
2,448.600790661875,0.002911666666667
2,481.088933542828,0.003099907407407
2,475.61465439911,0.003290666666667
2,477.14381169438,0.003397148148148
2,513.827848452104,0.003570203703704
2,512.775358017016,0.003727296296296
2,528.578655125725,0.00386037037037
2,539.52823966306,0.003982944444444
2,570.704940044908,0.004144888888889
2,570.670646818344,0.004354833333333
2,599.724365756962,0.004451888888889
2,618.941164793636,0.004741296296296
2,631.512059372677,0.0047875
2,624.080736652665,0.004896722222222
2,663.346908047635,0.005050148148148
2,679.32880260233,0.005294148148148
2,686.910999039295,0.005382814814815
2,706.283540861788,0.005546296296296
2,729.258864046234,0.005602185185185
2,753.612380918494,0.005835722222222
2,774.286522230109,0.006019166666667
2,776.986907822908,0.006174
2,794.75563828811,0.006305740740741
2,802.963090585281,0.006472648148148
2,838.185335488208,0.006569611111111
2,860.413908307942,0.00681612962963
2,865.878052297545,0.006864092592593
2,880.885271628498,0.007033962962963
2,889.241342889193,0.007176166666667
2,916.055305131437,0.007332333333333
2,945.945020721634,0.007475796296296
2,949.112012929251,0.007601722222222
2,958.870975293221,0.007754296296296
2,986.59964830341,0.007950425925926
2,1013.41750580075,0.008098703703704
2,1038.11866669913,0.008254722222222
2,1028.05789697425,0.008319907407407
2,1076.18819325709,0.008495425925926
2,1084.0137607377,0.008639648148148
2,1107.43061108687,0.008820777777778
2,1123.63255009991,0.008963851851852
2,1145.69347713317,0.009119148148148
2,1152.58905246047,0.009276907407407
2,1195.63034778261,0.009463518518519
2,1196.72229265726,0.009511055555556
2,1219.87591365268,0.009740074074074
2,1247.11296052496,0.009872555555556
2,1257.76064032001,0.010027185185185
2,1280.48892942285,0.010127759259259
2,1314.01089547795,0.01037562962963
2,1301.55049879865,0.010519055555556
2,1332.73171617823,0.0106455
2,1354.36903422019,0.010799888888889
2,1373.68507986209,0.010950851851852
2,1377.28114939989,0.011044388888889
2,1406.45091697676,0.011248962962963
2,1437.7466698378,0.011449148148148
2,1449.69648846499,0.011523333333333
2,1459.67927817927,0.011664944444445
2,1484.37130020993,0.011808518518519
2,1504.6153903776,0.011952444444445
2,1510.41242886009,0.012140574074074
2,1530.53644029866,0.012221518518519
2,1568.37457372238,0.012432092592593
2,1574.26180234202,0.012571574074074
2,1600.86609498804,0.012710833333333
2,1622.49389961853,0.012858703703704
2,1640.78983787873,0.013049462962963
2,1664.27575409704,0.013161166666667
2,1681.45779921833,0.01335237037037
2,1691.99858422459,0.013441333333333
2,1710.03503856864,0.013593462962963
2,1729.48929085757,0.01377637037037
2,1750.0626049893,0.013889333333333
2,1774.72234134795,0.01409362962963
2,1803.57142455846,0.0142565
2,1806.55129470414,0.014372574074074
2,1830.91236986945,0.014523018518519
2,1842.39648078684,0.014670685185185
2,1869.45000121727,0.014832666666667
2,1890.05537629475,0.015017314814815
2,1913.47372481895,0.015149796296296
2,1937.58085931575,0.015351296296296
2,1953.32870147552,0.015473537037037
2,1970.48055836984,0.015636203703704
2,1993.56264150731,0.015815685185185
2,2015.39404812513,0.015975611111111
2,2032.61796723866,0.016114833333333
2,2048.08407758299,0.016247462962963
2,2061.41671176798,0.016397314814815
2,2078.68175578623,0.016492944444445
2,2106.72407174011,0.016729166666667
2,2119.93550356472,0.016884722222222
2,2149.29067030224,0.017056925925926
2,2154.79017122268,0.017141944444445
2,2182.15583642176,0.017328777777778
2,2197.44875773199,0.017459481481482
2,2216.35355432664,0.017634944444445
2,2227.92178777227,0.017726018518519
2,2263.08395585627,0.017969555555556
2,2260.1694810509,0.018002444444445
2,2278.66512604334,0.018139592592593
2,2293.34536867279,0.018264351851852
2,2320.85568267155,0.018482611111111
2,2341.56510600525,0.018645740740741
2,2366.98988544579,0.018825925925926
2,2373.88598513436,0.018915574074074
2,2422.22782373222,0.019223333333333
2,2403.77907161838,0.019231240740741
2,2452.47777550971,0.019480185185185
2,2439.68920358888,0.0195245
2,2484.20837367482,0.01975037037037
2,2497.85599916102,0.019890462962963
2,2507.15487197158,0.020046166666667
2,2534.37948399106,0.02020962962963
2,2547.70957127849,0.02030162962963
2,2562.60352857675,0.020451425925926
2,2597.20515447121,0.020722888888889
2,2589.10849221792,0.02073587037037
2,2620.17682210857,0.0209445
2,2640.92991724456,0.02111187037037
2,2648.14460385443,0.021203314814815
2,2673.19131882476,0.021380925925926
2,2705.7940795868,0.021590518518519
2,2720.60915796945,0.02172237037037
2,2745.29945709882,0.021924055555556
2,2749.41479410393,0.022044481481482
2,2782.77780378776,0.022240425925926
2,2798.95105274887,0.022392185185185
2,2818.92914193898,0.022601703703704
2,2811.83288606566,0.022620166666667
2,2847.77365571563,0.022808388888889
2,2873.48533567548,0.022989833333333
2,2882.53416307261,0.023120851851852
2,2915.35198686101,0.023353166666667
2,2912.5397625018,0.023414
2,2935.26175926949,0.023563574074074
2,2947.32334175433,0.02369
2,2981.84998398825,0.023924018518519
2,2999.75167748786,0.024093796296296
2,3011.05106342337,0.024221666666667
2,3033.31776479776,0.024373907407408
2,3029.16422432924,0.02443712962963
2,3076.53591968284,0.0247095
2,3089.15804435722,0.024853833333333
2,3108.01272699693,0.024998111111111
2,3122.77072491072,0.025159425925926
2,3139.49942226625,0.025343496296296
2,3156.11755430416,0.025447294444445
2,3154.95025122523,0.0255303
2,3193.31446881268,0.025800616666667
2,3231.04825434518,0.026017238888889
2,3201.21981411393,0.026052722222222
2,3252.80347876243,0.026251225925926
2,3255.43150250102,0.02637342962963
2,3289.87334802793,0.026603338888889
2,3291.99663659705,0.026697342592593
2,3313.24120805344,0.026855988888889
2,3337.66243494643,0.027037840740741
2,3340.61346522268,0.02713765
2,3365.86498072036,0.027320551851852
2,3384.42624577936,0.027467724074074
2,3399.01367646536,0.027626046296296
2,3401.76604873189,0.027744707407408
2,3426.75051452949,0.027877055555556
2,3457.57569061187,0.028110159259259
2,3456.54741817623,0.028223431481482
2,3507.15150107775,0.028477362962963
2,3483.76835966688,0.028598838888889
2,3530.24706779055,0.02880542962963
2,3534.47918753968,0.028922937037037
2,3547.80702756455,0.029010283333333
2,3568.71188783164,0.029164514814815
2,3572.20585674076,0.029307844444445
2,3581.80241693088,0.029465911111111
2,3612.12727746014,0.029623787037037
2,3646.92419047048,0.029855635185185
2,3650.22084972743,0.029991762962963
2,3654.83545356313,0.03010145
2,3690.3903682327,0.030303405555556
2,3681.91054771407,0.030420866666667
2,3733.81062693007,0.030644916666667
2,3723.14669193589,0.030802468518519
2,3756.01275696043,0.030913905555556
2,3759.79048022128,0.031054212962963
2,3796.22384982293,0.031249818518519
2,3795.29003732329,0.031462107407407
2,3819.36585996183,0.031536798148148
2,3844.38440924149,0.031737642592593
2,3855.53435221721,0.031922981481482
2,3865.60703243362,0.032072201851852
2,3902.17905813481,0.032270590740741
2,3898.13960369525,0.03242517962963
2,3926.22259510134,0.0325298
2,3931.81700541028,0.032710459259259
2,3967.55319925915,0.032897281481482
2,3947.47540652043,0.033028507407408
2,3982.50154031121,0.033159211111111
2,4003.52985020122,0.033371381481482
2,4020.0135210297,0.033515640740741
2,4023.90892593959,0.033708042592593
2,4063.01518962214,0.033851390740741
2,4066.10090583408,0.033994437037037
2,4085.93681821331,0.034146825925926
2,4088.49442772523,0.034347244444445
2,4113.63118301519,0.034493127777778
2,4130.76596071411,0.034647640740741
2,4149.217409543,0.034848885185185
2,4153.96280405931,0.034976959259259
2,4192.35900768377,0.0351483
2,4169.78989967845,0.035345068518519
2,4219.7059456949,0.035435612962963
2,4202.73439416611,0.035638477777778
2,4251.55033025396,0.03574507037037
2,4252.17903940762,0.036013274074074
2,4286.76987844182,0.03610112962963
2,4287.14891672581,0.036280455555556
2,4315.43903083057,0.036448764814815
2,4313.98744903864,0.03660852037037
2,4340.75182168721,0.036753894444445
2,4359.81325248182,0.036935212962963
2,4377.60587883884,0.037145011111111
2,4377.45733478407,0.037306114814815
2,4402.24246839319,0.037429794444445
2,4418.32792429722,0.037650025925926
2,4436.50236056204,0.037791705555556
2,4443.57030092718,0.03794242962963
2,4467.868153106,0.038034992592593
2,4478.12690666182,0.038309238888889
2,4492.61306071542,0.0384283
2,4499.57358193051,0.038532290740741
2,4529.06201133744,0.038708814814815
2,4532.96475730501,0.03897092037037
2,4556.51681795113,0.039057777777778
2,4575.68978787714,0.039260709259259
2,4593.29319472717,0.039425668518519
2,4607.20142776081,0.039682033333333
2,4610.19335821552,0.039759144444445
2,4633.20233041127,0.039878583333333
2,4659.78707187307,0.040125701851852
2,4668.72038997496,0.040291459259259
2,4676.98672055103,0.040397053703704
2,4677.13578896707,0.040575531481482
2,4713.14809647498,0.040736535185185
2,4724.18597595804,0.040896162962963
2,4734.87687810286,0.041023716666667
2,4742.99002028154,0.041210509259259
2,4762.9155235279,0.041405583333333
2,4782.1511171704,0.041583442592593
2,4800.88879233983,0.04169417962963
2,4816.57101443304,0.041961459259259
2,4829.59180348438,0.042129514814815
2,4845.58579580249,0.0422679
2,4861.64473400839,0.042477092592593
2,4858.39721489261,0.04262287962963
2,4886.08154192175,0.042735044444445
2,4895.14018236536,0.042925735185185
2,4927.35723796451,0.043068755555556
2,4925.73823511235,0.043268827777778
2,4947.13187498478,0.043396418518519
2,4957.88719865614,0.043611159259259
2,4983.81813653244,0.043810659259259
2,4989.16429923799,0.043921590740741
2,4982.3093993629,0.044068557407407
2,5017.31635651322,0.044255874074074
2,5022.39179898986,0.044373022222222
2,5055.57540221318,0.044609868518519
2,5060.50866787894,0.044740566666667
2,5089.6674238693,0.044968468518519
2,5087.0325834343,0.045094335185185
2,5111.87262515848,0.04527102962963
2,5119.25877790117,0.045453807407407
2,5140.24364071515,0.045614498148148
2,5152.07525333204,0.045777637037037
2,5167.63537415985,0.045979211111111
2,5179.26578186946,0.046072801851852
2,5188.36464831277,0.046341022222222
2,5183.04687602414,0.046365766666667
2,5216.75626377619,0.046632687037037
2,5228.79177801541,0.046777240740741
2,5252.64474711742,0.046954912962963
2,5247.74623911248,0.047066861111111
2,5266.40578445381,0.047268938888889
2,5277.0170585955,0.047410087037037
2,5304.93457656892,0.047581922222222
2,5321.00902088643,0.047786977777778
2,5333.37645580477,0.047957124074074
2,5345.6314526867,0.04807482037037
2,5359.35361238092,0.048303577777778
2,5384.20691295416,0.04850405
2,5386.48196665437,0.048702790740741
2,5393.72362041488,0.048741911111111
2,5432.75857096574,0.049037611111111
2,5426.17484077208,0.0491367
2,5450.32677070244,0.049333024074074
2,5459.74841895716,0.049432255555556
2,5483.64753185027,0.049689388888889
2,5481.81691177435,0.049805303703704
2,5506.73598223164,0.050024051851852
2,5520.20989432248,0.050140962962963
2,5541.61080034383,0.050398161111111
2,5552.69310071669,0.05051752962963
2,5561.83721204608,0.050685007407407
2,5566.06221546379,0.0508018
2,5590.00522488544,0.050986462962963
2,5610.3358346614,0.051207774074074
2,5622.3156167893,0.051372983333333
2,5630.11099604295,0.051511162962963
2,5649.61813391063,0.051687935185185
2,5653.22049578357,0.05187422962963
2,5681.7835773798,0.052049712962963
2,5684.3402879867,0.052191166666667
2,5714.03216956345,0.052397401851852
2,5716.15680649009,0.052562431481482
2,5725.72018210318,0.05266932037037
2,5752.52807673653,0.052894203703704
2,5765.39477848546,0.053077377777778
2,5762.30726446348,0.053204755555556
2,5786.30697981022,0.053350868518519
2,5796.10579363014,0.05354717962963
2,5817.47201689942,0.053747294444445
2,5839.09787390235,0.053936651851852
2,5862.16991926709,0.054167246296296
2,5838.6022776006,0.054202664814815
2,5874.94792905392,0.054438612962963
2,5884.90637342387,0.054573896296296
2,5906.9007065768,0.054793964814815
2,5907.79182108794,0.05489927962963
2,5934.68698441711,0.055149094444445
2,5943.96787912724,0.0552975
2,5959.0470108599,0.055476548148148
2,5968.55045947156,0.055592709259259
2,5977.14414129289,0.055752661111111
2,5999.40327688335,0.055942568518519
2,6022.05096416927,0.056140753703704
2,6024.46137798394,0.056270627777778
2,6049.77004885923,0.056524485185185
2,6052.79404025971,0.056653216666667
2,6076.24692171848,0.056849607407407
2,6068.29288572857,0.056950464814815
2,6093.14251577298,0.057147505555556
2,6087.04202193703,0.057215085185185
2,6124.91423884281,0.057490453703704
2,6149.31816181414,0.057684624074074
2,6141.2319867861,0.057804438888889
2,6169.19654745563,0.058070385185185
2,6173.15779715834,0.058211311111111
2,6181.07437877236,0.058316887037037
2,6200.97883265947,0.058501151851852
2,6219.55380602004,0.058704085185185
2,6235.47506194017,0.058911872222222
2,6229.59360129442,0.05899652037037
2,6272.18012558452,0.059261759259259
2,6250.94791407217,0.059326827777778
2,6286.05270205231,0.059607344444444
2,6270.59086150683,0.059652405555556
2,6301.4555145014,0.059846601851852
2,6305.92741716497,0.060014225925926
2,6336.44921280265,0.060252203703704
2,6354.24004134963,0.060449287037037
2,6366.98966071954,0.06064325
2,6341.42405282565,0.060681661111111
2,6378.53414809086,0.060895188888889
2,6386.8795823088,0.061057059259259
2,6409.32748795374,0.061268561111111
2,6401.97287179554,0.061363887037037
2,6437.31130017248,0.061632755555556
2,6433.25446690251,0.061735268518519
2,6446.55421614546,0.061904509259259
2,6480.00846468895,0.062148405555556
2,6478.91299910297,0.062297224074074
2,6499.65373429491,0.062479196296296
2,6495.7807271018,0.06260827037037
2,6501.53012361817,0.06273517962963
2,6535.44610970761,0.062972203703704
2,6548.1907850999,0.063187746296296
2,6539.12120797853,0.063302472222222
2,6557.51138144847,0.063467627777778
2,6579.64429579219,0.063734357407407
2,6567.29970804314,0.063807483333333
2,6583.74360232442,0.063995459259259
2,6598.9562963615,0.06418382037037
2,6631.96064294182,0.064409835185185
2,6602.75933878045,0.064506940740741
2,6636.21223896641,0.064688983333333
2,6645.96490899523,0.064854124074074
2,6647.20210193958,0.065013318518519
2,6647.12711827905,0.065134859259259
2,6667.45315862115,0.065306498148148
2,6701.73634741181,0.065578983333333
2,6708.30135041752,0.065770738888889
2,6706.82047930365,0.065904133333333
2,6741.89919903817,0.066162405555556
2,6730.91937383774,0.06626852037037
2,6763.47479226867,0.066496342592593
2,6736.7991115822,0.066593738888889
2,6772.13611669285,0.06680287962963
2,6788.2645702204,0.066998525925926
2,6794.82732596356,0.067157224074074
2,6793.5073588485,0.06730537962963
2,6820.38379498973,0.067551166666667
2,6804.01121384014,0.067668857407407
2,6824.94169290034,0.067829388888889
2,6833.6482622106,0.068007940740741
2,6853.8623139688,0.068204277777778
2,6835.52420208134,0.068340112962963
2,6886.85842058642,0.068594137037037
2,6871.02585662839,0.068737201851852
2,6872.664036121,0.068859998148148
2,6884.82112726435,0.069031361111111
2,6920.38405717036,0.069261542592593
2,6917.11002035645,0.069444951851852
2,6939.71523438012,0.069662451851852
2,6912.01899685945,0.06978227037037
2,6954.10438160016,0.069984953703704
2,6959.7070318718,0.070154853703704
2,6971.32051020351,0.070341862962963
2,6944.67314502522,0.070448777777778
2,6981.52450546179,0.070613864814815
2,6979.08068234382,0.070794487037037
2,7003.19837897461,0.071017714814815
2,7004.28605405041,0.071202212962963
2,7016.41250751429,0.071368042592593
2,7006.04536099464,0.071535859259259
2,7041.45375414573,0.07173892962963
2,7030.0857517936,0.071885348148148
2,7031.24706217239,0.072073114814815
2,7045.3395707354,0.072226211111111
2,7065.76711243616,0.072404790740741
2,7042.37595578885,0.072562411111111
2,7107.3642419328,0.072828562962963
2,7079.88149435469,0.073013544444445
2,7099.77733373535,0.073133059259259
2,7092.25904195452,0.073339838888889
2,7110.81888374724,0.073484835185185
2,7111.82018903224,0.073689022222222
2,7135.77458458415,0.073877785185185
2,7120.55282658811,0.073999877777778
2,7159.5721961186,0.074222277777778
2,7148.05654861672,0.074421855555556
2,7160.4363434791,0.07456167962963
2,7156.29583713339,0.074750853703704
2,7187.80013595938,0.074951688888889
2,7180.83182423411,0.075138311111111
2,7187.31045744902,0.07528882962963
2,7190.02859641599,0.075501707407407
2,7184.87861973134,0.075609451851852
2,7193.30083541986,0.075786885185185
2,7230.43969564574,0.075996509259259
2,7213.28761402517,0.076181187037037
2,7244.83168939835,0.076332612962963
2,7236.65951912327,0.076600792592593
2,7236.22429927545,0.076691842592593
2,7246.78396128716,0.076891696296296
2,7264.65936181489,0.077044931481482
2,7254.59619500995,0.077248938888889
2,7281.39405187057,0.077423985185185
2,7266.55949721246,0.077557116666667
2,7282.77664270211,0.077788455555556
2,7271.44062638698,0.0779293
2,7306.72556991515,0.078069772222222
2,7280.45357249201,0.078315764814815
2,7293.27180827854,0.078392118518519
2,7313.89778326276,0.078628357407407
2,7324.59872318033,0.078863988888889
2,7331.76359547027,0.079039824074074
2,7333.18184286766,0.079210055555556
2,7335.6607981902,0.079371166666667
2,7366.88711063835,0.079600768518519
2,7365.26720888118,0.079859442592593
2,7375.50086800516,0.079956188888889
2,7364.74689269134,0.080146938888889
2,7361.65578304927,0.080258944444445
2,7378.1837998588,0.080477509259259
2,7406.58365528491,0.080618987037037
2,7395.26501780019,0.080860068518519
2,7397.74899200911,0.081029831481482
2,7403.33606126038,0.081193275925926
2,7418.23413853999,0.081403946296296
2,7420.6482228835,0.081659364814815
2,7420.01224758092,0.081746342592593
2,7423.44906111243,0.081961637037037
2,7436.9664202793,0.082130088888889
2,7442.39985168067,0.082329114814815
2,7448.90312987492,0.08251882962963
2,7454.76773605152,0.082739988888889
2,7456.50509473148,0.082843248148148
2,7466.92759881869,0.083102155555556
2,7487.98609693567,0.083224524074074
2,7465.97251223354,0.083437707407407
2,7493.4722640983,0.083578772222222
2,7490.84409054221,0.083863466666667
2,7496.28284046496,0.083972188888889
2,7496.48359591972,0.084216775925926
2,7485.74669980131,0.084273607407407
2,7509.59262748065,0.084510301851852
2,7510.13197049344,0.084707659259259
2,7526.19240687438,0.084964277777778
2,7509.90499697556,0.085043666666667
2,7533.90576104483,0.085270246296296
2,7539.89171939931,0.085452344444445
2,7536.00695153216,0.08565885
2,7536.37475350339,0.085784088888889
2,7537.981546229,0.085993753703704
2,7552.15952567778,0.086146214814815
2,7554.59630737308,0.086386509259259
2,7555.61881183484,0.086516438888889
2,7570.7953249448,0.08676762037037
2,7565.69853347391,0.086926124074074
2,7571.84479655719,0.087126351851852
2,7581.82264229386,0.087296225925926
2,7577.12736173249,0.087458564814815
2,7583.22793047719,0.087643574074074
2,7588.71574563235,0.087830818518519
2,7600.54233936286,0.088042842592593
2,7606.66238438302,0.088278196296296
2,7616.12485790746,0.088431459259259
2,7615.15553865947,0.088647981481482
2,7601.90118412009,0.088733938888889
2,7613.84014097827,0.088938718518519
2,7625.59032778197,0.089172861111111
2,7614.77874763803,0.089296277777778
2,7626.48024375308,0.089509764814815
2,7645.93254841446,0.089783146296296
2,7637.12402829304,0.0898906
2,7647.7513329076,0.090128385185185
2,7635.01085240541,0.090228305555556
2,7647.11535760502,0.090523125925926
2,7637.28133667177,0.090601192592593
2,7664.74663051071,0.090863757407408
2,7652.56122385919,0.091013553703704
2,7662.09560978533,0.091192933333333
2,7670.80974487952,0.091452146296296
2,7655.59053378104,0.091537372222222
2,7678.56205160089,0.091787338888889
2,7682.40487056704,0.091994796296296
2,7689.98863259692,0.092207951851852
2,7677.48261648779,0.092347416666667
2,7674.82710123731,0.092480366666667
2,7700.14251390026,0.092758962962963
2,7675.65709020699,0.092831716666667
2,7701.75455023849,0.093109125925926
2,7688.06497585129,0.093246148148148
2,7698.04506885051,0.093445851851852
2,7698.13945387774,0.093659751851852
2,7702.35531842774,0.093839062962963
2,7712.60658110839,0.094064911111111
2,7725.08937550446,0.094319253703704
2,7712.05150725772,0.094427492592593
2,7722.49528543044,0.09462765
2,7716.88087448477,0.09477102037037
2,7715.24936187107,0.094965727777778
2,7735.27022395844,0.095230003703704
2,7727.69020736615,0.095363877777778
2,7722.06905463283,0.095552074074074
2,7731.62066957188,0.095720761111111
2,7739.46661223297,0.095947755555556
2,7749.88791778015,0.096175081481482
2,7739.91756291867,0.096306268518519
2,7750.52389308274,0.096544988888889
2,7729.13220083786,0.096624157407407
2,7756.56153847595,0.0969245
2,7746.53575113815,0.097040507407408
2,7771.28110820007,0.097295662962963
2,7756.42745181026,0.097479292592593
2,7758.17282572666,0.097663046296296
2,7756.59449832673,0.097825440740741
2,7767.93643243324,0.098061996296296
2,7747.76125831721,0.098158301851852
2,7769.97994318171,0.098386359259259
2,7761.93399415337,0.098575451851852
2,7765.8097729703,0.098743212962963
2,7772.21222398466,0.09895247962963
2,7782.16684800827,0.099165787037037
2,7747.65264062714,0.099238953703704
2,7786.51155561132,0.099526257407407
2,7785.85835129583,0.099746366666667
2,7791.31095933766,0.099914335185185
2,7788.79177801541,0.100105303703704
2,7796.84371974389,0.100324503703704
2,7785.33249185836,0.100446361111111
2,7786.68234756537,0.100654288888889
2,7770.41291576698,0.100763977777778
2,7775.21606493091,0.100970592592593
2,7790.33639647704,0.101174161111111
2,7801.51053497958,0.101469616666667
2,7779.65066303609,0.101554994444444
2,7798.23702252694,0.101749690740741
2,7789.9086675044,0.101937761111111
2,7825.29256549366,0.102255955555556
2,7785.169939867,0.102337692592593
2,7803.13755306817,0.102491601851852
2,7808.42611094361,0.102684737037037
2,7820.54859424364,0.102970205555556
2,7799.12319306045,0.103083053703704
2,7809.09354792194,0.103281583333333
2,7818.63767198581,0.10347242962963
2,7809.62764732211,0.103663924074074
2,7806.72568227828,0.103807222222222
2,7838.81209701433,0.104124355555556
2,7809.93327502936,0.104238816666667
2,7807.43431907008,0.104381896296296
2,7811.69587795866,0.104560268518518
2,7839.27578218782,0.104859477777778
2,7794.23090248191,0.104922216666667
2,7832.46732573884,0.105236946296296
2,7822.46401102657,0.105359246296296
2,7818.22117932593,0.105503457407407
2,7826.19446686505,0.105735653703704
2,7854.66878159043,0.106028475925926
2,7814.65777000391,0.10610482962963
2,7841.07883584309,0.106366042592593
2,7833.10629739149,0.106501585185185
2,7836.03822593603,0.106695562962963
2,7841.79721077263,0.106891722222222
2,7845.32840933138,0.107137383333333
2,7817.22414383979,0.107223203703704
2,7841.31704567374,0.107434703703704
2,7841.38521263786,0.107653638888889
2,7860.12064054474,0.107902309259259
2,7822.68499184431,0.10801737962963
2,7839.95745182899,0.108213053703704
2,7824.97719964868,0.108363666666667
2,7851.87393606164,0.108645037037037
2,7837.83453780364,0.108776387037037
2,7848.21763988741,0.109027153703704
2,7824.61389220256,0.109120148148148
2,7841.09082124337,0.109342644444444
2,7832.68830655658,0.109483418518519
2,7853.76013843137,0.109755944444444
2,7848.60716539665,0.109933931481481
2,7833.79770517039,0.110083714814815
2,7849.16973012249,0.110288633333333
2,7851.78329647199,0.110540683333333
2,7834.75803536817,0.110658431481481
2,7844.44448606042,0.110869764814815
2,7844.24822513076,0.111052718518519
2,7850.76154109775,0.111256864814815
2,7824.45059112369,0.111371037037037
2,7847.53746842128,0.111621790740741
2,7854.22382360487,0.111838740740741
2,7842.94481284985,0.112028977777778
2,7830.19684147248,0.112130609259259
2,7864.06383723826,0.112413761111111
2,7836.25770857874,0.112547125925926
2,7849.71057131032,0.112760322222222
2,7838.06525675911,0.11292057962963
2,7864.81741928114,0.113205231481481
2,7821.44000838978,0.113310355555556
2,7842.49760760174,0.113501807407407
2,7830.84330400031,0.113647411111111
2,7865.31181704286,0.113942618518519
2,7811.64119456987,0.114059744444444
2,7848.27906506387,0.114271314814815
2,7821.27446004835,0.114398622222222
2,7866.29686712873,0.114694535185185
2,7814.75889681881,0.114839227777778
2,7834.14528177863,0.115002188888889
2,7808.71151328788,0.115114098148148
2,7849.401947253,0.115365527777778
2,7818.55227600879,0.115533774074074
2,7844.23474155544,0.115749827777778
2,7821.16883870835,0.115936353703704
2,7832.28679564705,0.116121942592593
2,7825.33451439465,0.116301418518519
2,7845.5905899626,0.116546998148148
2,7815.20310571685,0.116680046296296
2,7830.70397372201,0.116849533333333
2,7826.72407174011,0.117063033333333
2,7833.49956833832,0.117274214814815
2,7806.7563948665,0.11742767037037
2,7833.75950170698,0.117644055555556
2,7789.52064017019,0.117778648148148
2,7843.60026442789,0.11802677962963
2,7801.45135706568,0.118203124074074
2,7810.29882973803,0.11833107962963
2,7836.10938925022,0.11859387962963
2,7810.46362899193,0.118770596296296
2,7804.11661045389,0.118924575925926
2,7793.67433045621,0.11911277037037
2,7824.45808199887,0.119324738888889
2,7789.9678454183,0.119478774074074
2,7821.60330946865,0.119701794444444
2,7811.86292447512,0.119911251851852
2,7776.99140234802,0.120047251851852
2,7809.62764732211,0.120264201851852
2,7810.78348936202,0.120479896296296
2,7775.65278295376,0.12062952962963
2,7773.48492367735,0.12079605
2,7804.0327126519,0.121028881481481
2,7778.150240738,0.121240546296296
2,7805.92715498433,0.121423224074074
2,7780.48739379344,0.121628127777778
2,7763.90259615007,0.121777788888889
2,7762.41266107723,0.121994585185185
2,7783.88600386155,0.122196498148148
2,7753.03558352981,0.122404616666667
2,7764.36253588597,0.122541844444444
2,7745.64658425456,0.12275902962963
2,7745.2226007195,0.122946038888889
2,7757.23122271683,0.123136151851852
2,7755.51206686355,0.123328957407407
2,7718.35657689477,0.123546018518519
2,7734.38255524989,0.123726957407407
2,7710.38179118062,0.12391902962963
2,7732.8948674396,0.124135205555556
2,7694.61125166906,0.124322396296296
2,7709.1750111895,0.124498905555556
2,7691.40965161812,0.124718794444444
2,7686.6402113925,0.124899098148148
2,7679.08042016319,0.12511437962963
2,7688.3563708957,0.12537617037037
2,7650.95742748365,0.125492524074074
2,7648.06295331499,0.125685246296296
2,7640.90242573266,0.125948953703704
2,7636.53674367911,0.126102492592593
2,7638.45290954956,0.126398183333333
2,7642.41483343103,0.126614635185185
2,7586.00030338045,0.126789505555556
2,7593.96460186935,0.126939274074074
2,7576.4868919048,0.12718597037037
2,7567.28959536165,0.127442837037037
2,7526.49803458163,0.127608405555556
2,7517.56067140714,0.127821009259259
2,7481.22168683273,0.128171255555556
2,7367.05168516601,0.128653114814815
2,6703.84270660302,0.130408333333333
2,6438.17312536167,0.130786188888889
2,6267.3625190315,0.13114117962963
2,6113.33004983305,0.131582351851852
2,6027.72672538264,0.132002081481482
2,5942.71233353871,0.132355722222222
3,239.779350618151,0
3,246.240444994733,0.000144166666667
3,254.112172675697,0.000337981481482
3,260.48565779018,0.000442722222222
3,274.743362962689,0.000600203703704
3,280.676783767302,0.000747481481482
3,302.683894812707,0.000928740740741
3,301.22250845453,0.001008703703704
3,322.657727348327,0.001222351851852
3,321.021063330438,0.001311314814815
3,348.609968029863,0.00157087037037
3,343.484641398555,0.001677277777778
3,366.20698907841,0.001875222222222
3,378.827801082919,0.002043537037037
3,399.322055698261,0.002192518518519
3,404.21040415427,0.002333462962963
3,419.995254375104,0.002495555555556
3,431.323157097186,0.002568037037037
3,457.712549664591,0.002813555555556
3,457.163587308041,0.002925185185185
3,464.978921885684,0.003043425925926
3,475.518208193964,0.003141425925926
3,499.424877571009,0.003347018518519
3,513.509160460518,0.003488574074074
3,537.656193520965,0.003683240740741
3,545.838633969656,0.003828074074074
3,553.077848206531,0.003908611111111
3,570.450701310221,0.004062259259259
3,600.648117827509,0.004337092592593
3,605.755962522869,0.004416259259259
3,632.676318075139,0.004639074074074
3,632.550559015394,0.004666222222222
3,660.062225343263,0.004907925925926
3,667.385988579454,0.004985166666667
3,687.951361040785,0.005121148148148
3,701.425380222867,0.005305
3,727.265699554636,0.005471851851852
3,728.382680686711,0.005529888888889
3,759.894960545525,0.005776259259259
3,769.679596400126,0.005927759259259
3,799.608301147599,0.006128111111111
3,797.323083177795,0.006163222222222
3,822.787204553435,0.006377555555556
3,841.530722746845,0.006469351851852
3,856.764474340731,0.006635592592593
3,862.538465803042,0.006730092592593
3,887.535860144512,0.006911148148148
3,899.943969101695,0.007016388888889
3,929.489771404284,0.007231240740741
3,934.561380814222,0.007302277777778
3,964.032968048343,0.007544166666667
3,972.209487553823,0.007631351851852
3,993.879030916785,0.00778687037037
3,1008.23099809658,0.007915537037037
3,1027.3547576368,0.008053740740741
3,1058.44828414614,0.008308425925926
3,1073.3669173766,0.008422537037037
3,1071.08569105391,0.008458703703704
3,1116.62764954817,0.008801962962963
3,1112.67732337886,0.008830648148148
3,1142.54504462883,0.009014740740741
3,1160.46428769427,0.009152277777778
3,1174.38988782732,0.009287111111111
3,1186.77700367749,0.009392
3,1214.98545635984,0.009585722222222
3,1216.09365586828,0.009641518518519
3,1252.04760408774,0.009906666666667
3,1262.19163602092,0.009996888888889
3,1294.92358582965,0.010235314814815
3,1292.51152218506,0.010276925925926
3,1334.64697946889,0.010546759259259
3,1349.57647884981,0.01067262962963
3,1361.54181065548,0.01078162962963
3,1376.60199951952,0.010890388888889
3,1401.66237318204,0.011090851851852
3,1411.84454752093,0.01119687037037
3,1431.93960785763,0.011346055555556
3,1451.05020974627,0.011507185185185
3,1473.24361983257,0.011665296296296
3,1472.96265222775,0.011718722222222
3,1517.07427050801,0.011981259259259
3,1512.34062055329,0.012027148148148
3,1540.03747713119,0.012187574074074
3,1549.81775174173,0.012293574074074
3,1572.22663685251,0.012456055555556
3,1608.55616949716,0.012693185185185
3,1630.31035056271,0.012888407407408
3,1636.21244432946,0.012989888888889
3,1636.1056308096,0.013040222222222
3,1664.85687357936,0.013199962962963
3,1702.33200894425,0.013475185185185
3,1698.45441945558,0.013529851851852
3,1743.47953356864,0.013782648148148
3,1722.5908007318,0.013802833333333
3,1758.88315192283,0.013965222222222
3,1781.18293201264,0.014142759259259
3,1816.6574390627,0.01440387037037
3,1810.29194463438,0.014438481481482
3,1846.51880324506,0.014643685185185
3,1849.05608633785,0.014775148148148
3,1881.04492450982,0.014926907407408
3,1884.42289283536,0.015035722222222
3,1923.92519357641,0.015283666666667
3,1916.0861160904,0.015369037037037
3,1953.20983867093,0.015509203703704
3,1953.82455232569,0.015622833333333
3,1981.08683680446,0.015771759259259
3,2003.68857760612,0.015928944444445
3,2035.76183172251,0.016141814814815
3,2034.82926468686,0.016227666666667
3,2056.42555393344,0.01637237037037
3,2081.35242917598,0.016576092592593
3,2095.88268992663,0.016702203703704
3,2108.61900097943,0.016827092592593
3,2146.10921590006,0.017064814814815
3,2135.94012529337,0.017139425925926
3,2162.2592722636,0.017267018518519
3,2186.23029586236,0.017433388888889
3,2209.11440873727,0.017638166666667
3,2197.52436567923,0.017709277777778
3,2235.77550680982,0.017866722222222
3,2250.73353907564,0.018017481481482
3,2287.9098183431,0.018224462962963
3,2284.60096464805,0.018334314814815
3,2325.1629737771,0.018536259259259
3,2301.54343688208,0.018622518518519
3,2361.29905937575,0.018824592592593
3,2347.74985678118,0.018962148148148
3,2381.51867388613,0.019065388888889
3,2399.62626355959,0.019222981481482
3,2411.06092805795,0.019398833333333
3,2416.62720603182,0.019482037037037
3,2466.56041986214,0.019697981481482
3,2462.23761388206,0.019802611111111
3,2485.25056825532,0.019985351851852
3,2501.54314120452,0.020092037037037
3,2530.33126975034,0.020273185185185
3,2539.58109881175,0.020416
3,2557.927669876,0.020568203703704
3,2580.65566499732,0.02072012962963
3,2596.02882856245,0.020935481481482
3,2617.36883928076,0.021042648148148
3,2633.16083011476,0.02120287037037
3,2641.40055069946,0.02138387037037
3,2674.19119250457,0.02151037037037
3,2685.86446879678,0.021643166666667
3,2713.76364274758,0.02182512962963
3,2721.89071018055,0.021963518518519
3,2755.39267828433,0.022115833333333
3,2748.93552381128,0.022330222222222
3,2815.96089664221,0.022528037037037
3,2796.61633988136,0.02267612962963
3,2807.21135401844,0.022741888888889
3,2826.94568772753,0.022866388888889
3,2852.82220538503,0.023036740740741
3,2865.57810507641,0.023163962962963
3,2913.77820486759,0.023408333333333
3,2870.88832628019,0.023577222222222
3,2908.9687136178,0.023620888888889
3,2950.46624655813,0.023811277777778
3,2971.47783342265,0.023978018518519
3,2964.02476299595,0.02419312962963
3,2987.35623602462,0.024250537037037
3,3009.67893112561,0.024411481481482
3,3038.55458023026,0.024557851851852
3,3051.35675346035,0.024811
3,3074.55191913219,0.024937333333333
3,3085.99560179624,0.025101703703704
3,3109.77421322048,0.025220074074074
3,3120.94018073291,0.025440277777778
3,3143.85497015505,0.0255235
3,3150.86252841277,0.0257085
3,3171.87862436014,0.025822981481482
3,3183.3197937649,0.025940537037037
3,3227.45891005858,0.026188796296296
3,3227.08465618243,0.026356574074074
3,3252.78709367435,0.026480037037037
3,3244.50834365125,0.026604648148148
3,3268.68781993236,0.026747074074074
3,3297.15964740451,0.026880185185185
3,3302.99218302441,0.027094944444445
3,3312.45334762442,0.027247888888889
3,3342.65658898971,0.027355833333333
3,3368.62180991629,0.027572759259259
3,3361.8513111452,0.027656777777778
3,3393.80348529928,0.027880055555556
3,3432.21007890895,0.028049037037037
3,3403.24602221278,0.028249333333333
3,3460.83735886016,0.028332555555556
3,3454.91493726092,0.028521462962963
3,3480.61663555892,0.028632444444445
3,3500.1544176076,0.028816111111111
3,3526.97252046643,0.029023814814815
3,3519.41167556779,0.029178481481482
3,3556.55698261046,0.029265037037037
3,3580.11657087946,0.029460814814815
3,3591.32585515495,0.029648203703704
3,3613.14885517343,0.029780925925926
3,3636.60776523201,0.029929166666667
3,3619.69796536877,0.030104277777778
3,3653.94252767357,0.030216555555556
3,3679.69072126846,0.030429833333333
3,3679.80396577532,0.030526851851852
3,3721.29092824275,0.030789462962963
3,3733.83135290965,0.03087387037037
3,3743.03586938444,0.0310645
3,3768.07162788979,0.031172648148148
3,3748.29671243509,0.031428592592593
3,3806.56256352448,0.03151212962963
3,3817.31214310794,0.031721277777778
3,3833.42649640567,0.031865185185185
3,3851.54990482878,0.032034888888889
3,3867.66610611129,0.032175518518519
3,3893.30238574834,0.032415203703704
3,3905.76770831408,0.032512444444445
3,3902.23280912165,0.032652074074074
3,3933.19601574483,0.032764185185185
3,3962.49130523165,0.033024537037037
3,3970.42507345739,0.0331555
3,3989.66015560032,0.03327712962963
3,3994.30672851256,0.033441833333333
3,4012.80646055476,0.033615462962963
3,4029.85966403637,0.033766240740741
3,4057.77480457561,0.033913462962963
3,4085.20407295844,0.034122740740741
3,4090.91626780995,0.034285962962963
3,4107.45114852254,0.034392425925926
3,4133.16319553527,0.034621740740741
3,4136.86507863175,0.034698333333333
3,4156.86485687358,0.034970814814815
3,4166.48243490474,0.035010592592593
3,4197.73939718737,0.035269425925926
3,4211.35786225122,0.035410666666667
3,4234.5258255872,0.035598962962963
3,4233.28826714468,0.035696092592593
3,4263.61621052243,0.035964277777778
3,4266.8289690093,0.036004074074074
3,4297.44209339715,0.036207537037037
3,4308.39288156266,0.036329185185185
3,4323.98115055532,0.036593833333333
3,4336.09321235193,0.036696888888889
3,4371.68362500693,0.036923568518519
3,4374.14654519247,0.037017581481482
3,4392.20009979118,0.037194635185185
3,4398.24212296491,0.037314088888889
3,4426.73878735239,0.037513912962963
3,4438.84050043428,0.037676046296296
3,4452.89028514405,0.037846975925926
3,4468.54086818325,0.0379943
3,4491.10335778833,0.038166890740741
3,4504.60406926247,0.038330403703704
3,4521.69977639384,0.038495127777778
3,4540.72278380426,0.038669931481482
3,4555.53379040157,0.03886422037037
3,4551.03062110768,0.038927862962963
3,4586.65037976087,0.039169168518519
3,4595.75089165265,0.039256796296296
3,4617.12993180936,0.039493590740741
3,4630.60048417201,0.039640459259259
3,4647.50984051891,0.039807833333333
3,4657.36603034391,0.039914311111111
3,4693.2474636409,0.040219940740741
3,4694.07033430045,0.040294512962963
3,4725.84975883799,0.040526375925926
3,4723.19013915325,0.040611244444445
3,4750.90761924122,0.040852888888889
3,4755.05789736293,0.040910596296296
3,4784.72174893279,0.041237322222222
3,4774.31153327297,0.04125407962963
3,4816.39916471088,0.041522751851852
3,4820.16461848354,0.041659462962963
3,4819.52802468908,0.041737998148148
3,4852.41372683089,0.041939598148148
3,4868.56592685676,0.04213525
3,4881.0719050875,0.042279335185185
3,4912.55077338163,0.04252767037037
3,4888.10917894037,0.042557927777778
3,4927.2539315876,0.042777594444445
3,4952.60458669821,0.042970072222222
3,4960.80912165284,0.043143137037037
3,4967.68983423577,0.043236981481482
3,4997.86535582947,0.043499412962963
3,4987.14379169516,0.04357107962963
3,5020.31097887753,0.043826027777778
3,5038.38656145473,0.043970531481482
3,5060.88725444902,0.044189794444445
3,5047.8317594663,0.044275851851852
3,5083.18666494188,0.044512807407408
3,5074.60994585405,0.044570988888889
3,5112.45933509508,0.044798425925926
3,5123.39253044555,0.045010809259259
3,5141.78892317927,0.045160416666667
3,5161.03117550311,0.045338396296296
3,5171.90257424279,0.045531194444445
3,5187.6261896402,0.04569845
3,5189.03930663611,0.045815555555556
3,5197.19771589082,0.045944575925926
3,5226.29586236209,0.046172511111111
3,5220.38911167372,0.046240231481482
3,5263.62190231552,0.046558890740741
3,5258.89993162456,0.046638066666667
3,5275.41951102323,0.046802012962963
3,5283.99800417645,0.046976018518519
3,5311.88106370004,0.047195338888889
3,5323.16567183486,0.047350642592593
3,5332.13675087317,0.047530138888889
3,5345.82566111655,0.047668451851852
3,5351.43592112801,0.047806211111111
3,5370.45353242289,0.048002266666667
3,5390.64195295031,0.048192207407407
3,5413.6375362667,0.048409075925926
3,5422.9573669913,0.048589357407408
3,5435.07075933694,0.048749705555556
3,5452.65233862473,0.048936987037037
3,5440.4030824386,0.049012222222222
3,5466.52981723431,0.049205887037037
3,5471.83146378874,0.049347568518519
3,5500.31600539612,0.049579233333333
3,5494.50941548242,0.049694774074074
3,5525.08602369116,0.049884705555556
3,5538.75549313474,0.050051677777778
3,5543.45757950955,0.050211531481482
3,5556.35466523756,0.050390590740741
3,5577.33128823019,0.050603355555556
3,5577.97963520781,0.050704544444445
3,5605.22070482139,0.050919781481482
3,5607.70210485466,0.051045783333333
3,5627.41773695785,0.051217985185185
3,5647.98876425258,0.05149192962963
3,5628.9304972927,0.051534414814815
3,5648.78140188125,0.051651981481482
3,5685.49302385748,0.051923155555556
3,5700.6761406686,0.052121840740741
3,5700.09417330401,0.052235351851852
3,5718.64077024005,0.052415925925926
3,5731.30774490418,0.052612985185185
3,5748.9605824848,0.052772564814815
3,5762.19836268549,0.052914412962963
3,5775.11799382773,0.053097992592593
3,5788.42111876998,0.053235081481482
3,5761.20082050524,0.053352594444445
3,5812.00458300224,0.053558140740741
3,5811.3937131558,0.053708744444445
3,5836.06312715983,0.0538718
3,5832.54988634894,0.054040472222222
3,5857.81398185279,0.054207648148148
3,5860.63511540665,0.054333046296296
3,5890.83406944727,0.054572448148148
3,5900.5607524994,0.054712061111111
3,5914.75948478185,0.054917225925926
3,5909.77502633378,0.0550308
3,5944.06874503354,0.055229759259259
3,5957.18551919132,0.05540272962963
3,5961.01594810859,0.055547687037037
3,5971.82821133554,0.055730140740741
3,5991.8203758801,0.055926153703704
3,6005.18758893427,0.056057983333333
3,6024.85443423946,0.056276542592593
3,6023.50097019201,0.05642652037037
3,6036.73239332508,0.056569403703704
3,6048.09594736939,0.056718883333333
3,6065.19793764899,0.056883955555556
3,6059.15813205699,0.057082857407407
3,6097.10901262174,0.057239566666667
3,6099.81697558812,0.057390162962963
3,6139.24720492303,0.057659494444445
3,6108.73475874559,0.057747011111111
3,6148.45741319092,0.057912098148148
3,6135.90183504888,0.058077840740741
3,6148.05632657587,0.058210301851852
3,6175.77062813002,0.058402809259259
3,6181.81679078964,0.058585362962963
3,6206.2145510321,0.058794464814815
3,6199.16685454512,0.058928940740741
3,6205.34792009314,0.05903427962963
3,6245.96433389389,0.059275472222222
3,6232.70038622882,0.05947015
3,6292.65610851367,0.059677112962963
3,6249.17975347883,0.05982925
3,6281.97386949532,0.059916696296296
3,6281.83083547392,0.060112248148148
3,6325.60722931643,0.060319657407408
3,6314.03160053961,0.060531103703704
3,6341.99271894,0.060646118518519
3,6334.38826160072,0.060813172222222
3,6353.73126605437,0.060989905555556
3,6350.00277197716,0.061163892592593
3,6389.32345277475,0.061310101851852
3,6373.77347402657,0.061466640740741
3,6424.44595568532,0.061679712962963
3,6388.3502300741,0.061795403703704
3,6423.94108624545,0.061952631481482
3,6431.83974276052,0.062173964814815
3,6465.44948533624,0.062393944444445
3,6461.58254023987,0.062589712962963
3,6461.85951619759,0.062701083333333
3,6470.7362740931,0.062869288888889
3,6497.88257904755,0.063017505555556
3,6500.401456212,0.063248394444445
3,6518.45951989356,0.063413601851852
3,6521.44128028385,0.063617333333333
3,6547.76508417571,0.063795138888889
3,6540.51662262303,0.063978948148148
3,6552.45002125183,0.064094942592593
3,6554.14373625561,0.064240518518519
3,6593.04839872119,0.064450666666667
3,6602.99935320533,0.064698466666667
3,6597.30970376804,0.06478662037037
3,6610.98730434461,0.064980651851852
3,6625.25869938832,0.065125040740741
3,6617.86535582947,0.065308503703704
3,6645.63613179827,0.065472803703704
3,6644.27498013416,0.065685268518519
3,6657.56051226138,0.065771612962963
3,6663.46992404783,0.066026905555556
3,6698.83384768909,0.066149551851852
3,6698.61992497182,0.066412762962963
3,6714.21728604956,0.066536374074074
3,6711.16064531628,0.06673477962963
3,6727.76183172251,0.066900307407408
3,6736.80143403618,0.067089083333333
3,6737.70642913902,0.0672412
3,6759.7049877109,0.067450766666667
3,6773.11233899433,0.067626159259259
3,6775.67179790439,0.067782275925926
3,6782.77862990409,0.067923837037037
3,6789.4847448857,0.068115731481482
3,6800.41025261952,0.068255485185185
3,6804.20187385656,0.068425690740741
3,6837.07670984791,0.068656948148148
3,6836.56733132519,0.068896262962963
3,6847.44863526325,0.068969538888889
3,6845.57758764068,0.069172940740741
3,6867.18311681112,0.069296412962963
3,6862.15622863268,0.069588587037037
3,6880.80660839355,0.069672212962963
3,6885.25197272375,0.069893466666667
3,6885.79786742557,0.069975864814815
3,6907.62448949421,0.070193905555556
3,6917.87282168795,0.07041142037037
3,6925.51830428917,0.070550485185185
3,6949.64315414041,0.070776237037037
3,6942.36401604051,0.070918557407408
3,6944.48949420657,0.071090940740741
3,6961.17864468797,0.071212731481482
3,6982.74307467706,0.071442748148148
3,6983.11215419585,0.071704911111111
3,6975.77838966607,0.071772696296296
3,6995.59551309297,0.071961224074074
3,7015.33819969324,0.072144992592593
3,7027.96732762922,0.072387464814815
3,7021.67663962449,0.072479466666667
3,7039.2279858814,0.072674892592593
3,7037.55600317853,0.072820883333333
3,7058.6029974313,0.072996164814815
3,7061.43994973481,0.073155096296296
3,7075.28985641158,0.073398964814815
3,7088.54611646,0.07357112962963
3,7093.00094247223,0.073769107407408
3,7088.71258292832,0.073900472222222
3,7113.83770997727,0.074123494444445
3,7123.30456637037,0.07433537962963
3,7121.79897621644,0.074448409259259
3,7145.25389462791,0.074624005555556
3,7147.63646443553,0.074874746296296
3,7152.04080350378,0.074980640740741
3,7155.41145380962,0.075143864814815
3,7166.64919705062,0.075323244444445
3,7186.10175004158,0.075588525925926
3,7182.81411121172,0.075742242592593
3,7192.40862639292,0.075892094444445
3,7207.3864690555,0.076068081481482
3,7214.67876480698,0.076301725925926
3,7206.33799641491,0.076404640740741
3,7222.74152236986,0.076564442592593
3,7243.3157281984,0.076789324074074
3,7235.58945170292,0.077014553703704
3,7237.6147690943,0.077085953703704
3,7271.71001422948,0.077399168518519
3,7256.20202169534,0.077480642592593
3,7289.75809879327,0.077730374074074
3,7283.71918023395,0.077875674074074
3,7300.46879677711,0.078106298148148
3,7302.26718163842,0.078250481481482
3,7316.08737272005,0.078517114814815
3,7294.60358878643,0.078564398148148
3,7320.97802746105,0.078750662962963
3,7322.61578548593,0.078935231481482
3,7349.88664461405,0.079214351851852
3,7333.63324894203,0.079293631481482
3,7356.56570509859,0.079589101851852
3,7349.91140761,0.079666822222222
3,7372.79869901872,0.079962416666667
3,7367.01923752148,0.080057868518519
3,7392.15567423725,0.080352524074074
3,7390.39565353982,0.080450388888889
3,7389.02814480809,0.080634403703704
3,7387.02810784839,0.080725355555556
3,7410.27036017223,0.080980648148148
3,7405.50551623455,0.081115972222222
3,7440.97351837821,0.081423338888889
3,7426.59915362297,0.081533744444445
3,7429.69785448968,0.081671883333333
3,7436.6566259494,0.081827035185185
3,7451.35549683071,0.082069785185185
3,7474.3754735461,0.082323505555556
3,7483.46460185168,0.082514240740741
3,7468.71990094802,0.082646307407408
3,7467.85800085007,0.082755348148148
3,7493.30918633231,0.082970133333333
3,7490.31175503114,0.083191981481482
3,7494.41723800196,0.083322698148148
3,7521.08439746457,0.083565022222222
3,7509.50196810378,0.083723801851852
3,7533.42154380648,0.083944405555556
3,7520.80498216695,0.084073838888889
3,7527.83693382367,0.084301898148148
3,7515.03926967642,0.084383851851852
3,7548.27121024523,0.084637683333333
3,7551.16737198086,0.0848439
3,7574.7395265463,0.085097162962963
3,7556.34690370151,0.085208205555556
3,7573.28996729067,0.08542797037037
3,7535.98063311958,0.085468107407407
3,7586.22142553545,0.085784107407408
3,7577.7887014211,0.085937244444445
3,7589.60841202668,0.086126957407408
3,7598.97399885425,0.086323377777778
3,7595.49904828784,0.086456246296296
3,7607.58930386414,0.086698418518519
3,7624.76521353464,0.0869088
3,7612.90484726406,0.08704257962963
3,7627.6968565779,0.087252244444445
3,7636.59749043668,0.087432424074074
3,7645.00508195813,0.087644737037037
3,7628.80712582928,0.087753944444445
3,7660.17112338994,0.088012644444445
3,7648.03725537302,0.088126542592593
3,7655.51346256907,0.088343781481482
3,7655.46837174062,0.088496518518519
3,7673.30659915362,0.088741366666667
3,7663.01997671539,0.088849538888889
3,7686.11978637296,0.089100624074074
3,7658.09029253599,0.089183311111111
3,7679.42342875095,0.089419094444445
3,7670.80147099588,0.089543201851852
3,7706.32565187663,0.089850814814815
3,7689.67456988154,0.089987461111111
3,7703.99793025706,0.090227344444445
3,7679.42268955704,0.090306388888889
3,7722.06530778186,0.090581812962963
3,7711.759466302,0.09074017962963
3,7699.16729806146,0.090870438888889
3,7717.73141389315,0.091057338888889
3,7738.91449374457,0.0913656
3,7720.72884519432,0.091472846296296
3,7734.6737382884,0.091683007407408
3,7712.44026389222,0.09178267962963
3,7740.15781789958,0.092027196296296
3,7752.75442130357,0.09223907037037
3,7725.22536174302,0.092328642592593
3,7737.66303845656,0.092508298148148
3,7756.08227228208,0.092792894444445
3,7763.9406427291,0.092961955555556
3,7777.50632934785,0.093216668518519
3,7762.52656478111,0.093363418518519
3,7767.55973610778,0.093532918518519
3,7763.63387725685,0.093679775925926
3,7766.57217304529,0.09387595
3,7770.31471180677,0.094043364814815
3,7803.88002882856,0.094319437037037
3,7778.87901243694,0.094473512962963
3,7772.46576608209,0.094600242592593
3,7793.51948699943,0.094818377777778
3,7785.10450353889,0.094987368518519
3,7799.11296730915,0.095225992592593
3,7791.15702326613,0.095357414814815
3,7788.57649732966,0.095525355555556
3,7809.21257368839,0.095775653703704
3,7811.94537357012,0.095959805555556
3,7817.2572210005,0.09617102962963
3,7791.95461349399,0.096279283333333
3,7827.68429028145,0.096523305555556
3,7808.82006172269,0.096667362962963
3,7827.9252674958,0.09690202962963
3,7806.47090347976,0.097040196296296
3,7821.1239443387,0.097213698148148
3,7815.01820265001,0.097369303703704
3,7820.49045515865,0.097572483333333
3,7825.19912035925,0.097778135185185
3,7844.9378153124,0.098014966666667
3,7826.57180344834,0.098178811111111
3,7848.9760316375,0.098405183333333
3,7816.32879345074,0.098521590740741
3,7844.46103524107,0.098733601851852
3,7847.47916397169,0.098941985185185
3,7837.0491379151,0.099109787037037
3,7830.45626744036,0.099268996296296
3,7864.52867148375,0.099521777777778
3,7839.45964925249,0.099676487037037
3,7863.57954650454,0.099889022222222
3,7864.35717849685,0.100104053703704
3,7857.60020697429,0.100297838888889
3,7822.94531813058,0.100397744444444
3,7864.12654999723,0.100629057407407
3,7852.45393897954,0.100815185185185
3,7843.4498179735,0.100968307407407
3,7858.23517454216,0.101159568518519
3,7832.13128083825,0.101326446296296
3,7861.89861955537,0.101503659259259
3,7881.22188753165,0.101766844444444
3,7848.11413153956,0.101915318518519
3,7865.79564984384,0.102102768518519
3,7859.03350396393,0.102282687037037
3,7867.61554524791,0.102454174074074
3,7883.76619296657,0.102693103703704
3,7853.6440411731,0.102871972222222
3,7861.49428048713,0.103076131481482
3,7864.63585460056,0.103214338888889
3,7868.07680224715,0.103392396296296
3,7891.13595623972,0.103633285185185
3,7847.54421303568,0.103831166666667
3,7846.65718034483,0.103915053703704
3,7893.19978563377,0.104186490740741
3,7873.30290318408,0.104369566666667
3,7857.83674902519,0.104551540740741
3,7869.27133960416,0.104738661111111
3,7847.14578751871,0.104872438888889
3,7902.22682165099,0.105145157407407
3,7858.85535823185,0.105303027777778
3,7865.14959436734,0.105458275925926
3,7852.15234786465,0.105610005555556
3,7863.39918319073,0.105795111111111
3,7857.07168332933,0.106002485185185
3,7899.8237022527,0.106243842592593
3,7872.81577439802,0.106433764814815
3,7889.33306229557,0.1066063
3,7872.75294291575,0.106799242592593
3,7877.73880583224,0.106983312962963
3,7855.50902740561,0.107126185185185
3,7889.56073401955,0.107330868518519
3,7866.07876111101,0.107570281481481
3,7875.65280062092,0.107701590740741
3,7876.72463178904,0.1079249
3,7890.31027664332,0.10814932962963
3,7873.79003197014,0.108337040740741
3,7889.70118086227,0.108470131481481
3,7859.21682405337,0.108697457407407
3,7874.33777465674,0.108806953703704
3,7873.24081089572,0.109037975925926
3,7898.15238482435,0.109264212962963
3,7861.1727311367,0.109422192592593
3,7886.09982813742,0.109563918518519
3,7883.28571692569,0.109816244444444
3,7875.12575536378,0.10997225
3,7883.23175577033,0.110218631481481
3,7875.24550477704,0.110345981481482
3,7873.57788331824,0.110537668518519
3,7887.51760205496,0.110681753703704
3,7871.74985678118,0.110945627777778
3,7866.34339253045,0.111067983333333
3,7873.02422708037,0.111254124074074
3,7880.80498216695,0.111482842592593
3,7882.29371869976,0.111724614814815
3,7865.90726812411,0.111830466666667
3,7877.97534788313,0.112014964814815
3,7888.14591687764,0.112249785185185
3,7870.1657642341,0.112407612962963
3,7879.46704119158,0.112604018518519
3,7875.79990020882,0.112794738888889
3,7883.46164507604,0.112955974074074
3,7879.54391735812,0.11317345
3,7882.93312143108,0.113333525925926
3,7881.50278121708,0.113575753703704
3,7880.83676750504,0.113746646296296
3,7885.98820985715,0.113960368518519
3,7885.95642451906,0.114138616666667
3,7878.14610167612,0.114329101851852
3,7886.94990113282,0.114505901851852
3,7889.97098663907,0.114732235185185
3,7890.7257036202,0.114919561111111
3,7891.21652837581,0.115118037037037
3,7881.96034224678,0.115297444444444
3,7876.06970598562,0.115462377777778
3,7883.33598211151,0.115618218518519
3,7884.61256999242,0.115869111111111
3,7890.61556372775,0.116045357407407
3,7885.3628518101,0.116264942592593
3,7882.65001016392,0.1164022
3,7885.9024633637,0.116630518518519
3,7887.43555153105,0.116782440740741
3,7883.83937316357,0.117016555555556
3,7883.57769851976,0.117172396296296
3,7898.67203814241,0.117403474074074
3,7888.76757895515,0.117557412962963
3,7880.37403211798,0.117750561111111
3,7892.61877922126,0.117963053703704
3,7884.3405466339,0.118101994444444
3,7886.35337164822,0.118296483333333
3,7887.86945835566,0.118490927777778
3,7889.55777724391,0.118711685185185
3,7902.72355995787,0.118944364814815
3,7887.38306876351,0.119116957407407
3,7875.71193613365,0.119224148148148
3,7890.82845157356,0.119464759259259
3,7883.25910594497,0.119657605555556
3,7879.65849241402,0.119849444444444
3,7884.36124406335,0.120027361111111
3,7881.77923973907,0.1202079
3,7887.05708424963,0.120390825925926
3,7877.34481547872,0.120601098148148
3,7864.9581431449,0.120708635185185
3,7884.98881969213,0.120930138888889
3,7889.53412303883,0.1211871
3,7886.29941049286,0.121333918518519
3,7895.30574908063,0.121612735185185
3,7875.14645279323,0.121693946296296
3,7886.86045866982,0.12193517962963
3,7870.17759133665,0.122091959259259
3,7883.54369559995,0.122260368518519
3,7876.67806257277,0.122455327777778
3,7889.01373052686,0.122703237037037
3,7880.24171640826,0.122835388888889
3,7877.8415537856,0.123031657407407
3,7867.590412655,0.123178668518519
3,7889.92737419844,0.123499814814815
3,7877.236893168,0.123603724074074
3,7876.44299890969,0.123810435185185
3,7861.75743351875,0.123933618518519
3,7875.58627316911,0.124138964814815
3,7882.61452885628,0.124370609259259
3,7887.6026093545,0.124589837037037
3,7869.16637406908,0.124747637037037
3,7877.82898748914,0.124979127777778
3,7866.24212296491,0.125110712962963
3,7877.97608707704,0.125333609259259
3,7863.31935024855,0.1254986
3,7865.31443460906,0.125682848148148
3,7860.5843327851,0.125832605555556
3,7884.4063348918,0.126105311111111
3,7880.59135512723,0.126292485185185
3,7871.70920111618,0.126502288888889
3,7863.06876351339,0.126619222222222
3,7881.36085598655,0.126892603703704
3,7861.97771330364,0.127025803703704
3,7861.89418439192,0.127213557407407
3,7874.27937833792,0.127431651851852
3,7863.48123371464,0.127618385185185
3,7844.94742483322,0.127715201851852
3,7865.81339049766,0.128016535185185
3,7855.10173156173,0.128175509259259
3,7867.90678764807,0.128402903703704
3,7839.27558996914,0.128540437037037
3,7849.96137711825,0.128746803703704
3,7846.26023321568,0.12894222962963
3,7855.86014451241,0.129208464814815
3,7813.76896494373,0.129269035185185
3,7844.09587345,0.129490440740741
3,7832.13867277734,0.129732018518519
3,7832.34269029623,0.129934494444444
3,7814.49115739286,0.130059790740741
3,7823.83087243361,0.130282011111111
3,7823.00149686767,0.130482512962963
3,7815.98728586476,0.130668557407407
3,7830.62776042725,0.130933342592593
3,7830.23746604328,0.131166890740741
3,7805.94016225306,0.131313362962963
3,7807.33206438379,0.131553601851852
3,7783.10941917839,0.13165157962963
3,7800.19145122244,0.131905366666667
3,7776.51063515237,0.132044914814815
3,7798.80398425517,0.132303159259259
3,7781.05150333561,0.132489064814815
3,7786.35004527563,0.13273132037037
3,7756.55387799605,0.132842801851852
3,7780.77208803799,0.133133277777778
3,7760.22619333617,0.1333046
3,7766.2949753294,0.133521355555556
3,7731.84040803504,0.133638951851852
3,7748.31925784932,0.133928311111111
3,7731.62086744405,0.134097342592593
3,7704.27734555467,0.134234957407407
3,7720.08278971781,0.134475583333333
3,7707.41596289247,0.134697887037037
3,7699.25674052446,0.134887890740741
3,7688.71287860588,0.135063653703704
3,7685.5838707889,0.13532472962963
3,7669.25951250162,0.13552232037037
3,7653.89167113263,0.135669648148148
3,7642.65296693955,0.13591687037037
3,7630.8029493837,0.13607262962963
3,7625.03797608708,0.136324224074074
3,7605.50847301018,0.136476892592593
3,7605.07974054294,0.136758633333333
3,7590.94117864469,0.136936537037037
3,7584.76669192246,0.137180694444444
3,7556.15471328516,0.137338481481481
3,7577.63864505757,0.137640216666667
3,7546.98279526177,0.137812325925926
3,7530.05155877516,0.13800352962963
3,7514.416868405,0.138193505555556
3,7522.51695526029,0.138486975925926
3,7486.41472474267,0.138647562962963
3,7478.74854471199,0.138877235185185
3,7460.44166836065,0.139077518518519
3,7465.43787999187,0.139367316666667
3,7423.49675678672,0.139539990740741
3,7416.45297802746,0.139790053703704
3,7391.74823055458,0.139988901851852
3,7374.33452220354,0.140213924074074
3,7354.62931273446,0.140449803703704
3,7323.87544582633,0.140742833333333
3,7271.8642839983,0.140901281481481
3,7256.87557518526,0.141152435185185
3,7224.51551383217,0.141411205555556
3,7206.60284959252,0.141692587037037
3,7152.39812983941,0.141873775925926
3,7140.7679485521,0.142188314814815
3,7099.33309925526,0.142382953703704
3,7080.03481603312,0.14258982962963
3,7051.2263596548,0.142866964814815
3,7021.60900338181,0.143078672222222
3,7013.05527322455,0.143321588888889
3,6984.05913551272,0.143550431481482
3,6946.12717831205,0.143748562962963
3,6935.96644059653,0.143995631481482
3,6914.69931439765,0.144208787037037
3,6898.99321789588,0.144484112962963
3,6877.03354092362,0.144688396296296
3,6854.61718995436,0.144901387037037
3,6834.89934026944,0.145122848148148
3,6806.62288174745,0.145300309259259
3,6788.98261046329,0.145514390740741
3,6780.08922070482,0.145759666666667
3,6760.88976770831,0.145968835185185
3,6744.83314545488,0.146203237037037
3,6718.33149150851,0.146398609259259
3,6708.5176574945,0.146625188888889
3,6677.05187293257,0.146763218518519
3,6708.31423133073,0.147152483333333
3,6632.53377192172,0.147269857407407
3,6642.3340047678,0.147458137037037
3,6615.76020549591,0.147660792592593
3,6610.48199138839,0.14787377037037
3,6613.33564947425,0.148146709259259
3,6601.46537800529,0.148372101851852
3,6554.67432964352,0.148519692592593
3,6553.89965442685,0.14873885
3,6533.37600946168,0.148906227777778
3,6538.16561639532,0.149192424074074
3,6461.01092159001,0.149282922222222
3,6501.9634468612,0.149556262962963
3,6468.90226008538,0.149734883333333
3,6480.41927078521,0.150063314814815
3,6418.93718699758,0.150182509259259
3,6415.88098978064,0.150419618518519
3,6388.80823462015,0.150604448148148
3,6391.33428196552,0.150869275925926
3,6348.12411065733,0.151061472222222
3,6344.28651155915,0.151318075925926
3,6295.19124794412,0.151509638888889
3,6300.75235156062,0.151799244444444
3,6235.57703324525,0.151978568518519
3,6242.8314083492,0.152214959259259
3,6191.63372941807,0.152384185185185
3,6191.04407443683,0.152668535185185
3,6128.57982370225,0.152870390740741
3,6123.45499233086,0.153172374074074
3,6077.4132648347,0.153455344444444
3,6007.34780921405,0.153744592592593
